horizon_snapshots,horizon_ticks,feature,raw_beta,raw_t,raw_p,raw_r2,residual_beta_after_ret5_strategy,residual_t_after_ret5_strategy,residual_p_after_ret5_strategy,residual_r2_after_ret5_strategy,same_sign_all_3_days,min_abs_day_t,day_betas,day_t
1,100,top_imbalance,4.841355552358644,64.97595303927247,0.0,0.14515547725987765,3.7024921563591766,31.944268351351486,6.489327292273306e-224,0.14968825679095799,True,35.80473694010379,"4.7101,4.98991,4.8254","35.805,40.683,36.382"
1,100,depth_vwap,-0.16428681566225,-40.31604863484616,0.0,0.07085357312379859,0.013132462840239369,4.746093835329956,2.0738253351123e-06,0.11815184870633788,True,21.542424157959974,"-0.178572,-0.215489,-0.144494","-25.055,-25.656,-21.542"
1,100,micro_minus_mid,0.5358607826910806,54.52650605654703,0.0,0.1038207687818673,0.24200965410283307,16.290799196870815,1.1472023401567177e-59,0.12657148959179476,True,30.374368298304592,"0.525394,0.562928,0.519794","30.374,33.232,30.911"
1,100,depth_trend_minus_mid,0.5841078446963675,72.23834308109913,0.0,0.2900934532997824,0.00028101589885009236,0.0313452539480046,0.9749942006910777,0.11756708330459309,True,39.45842098630486,"0.582568,0.611916,0.560135","41.365,45.494,39.458"
1,100,all_depth_imbalance,3.963676879209731,59.41824507876031,0.0,0.16480347758484293,-0.11456647485026661,-1.8548367847379403,0.06361953739380966,0.11767605126781389,True,33.50636742530798,"4.07431,3.94189,3.87061","35.187,34.248,33.506"
1,100,log_top_pressure,2.3601664140129097,64.96047485899786,0.0,0.14353844493976997,1.764007124347637,31.714711147956407,9.740478082331586e-221,0.14909949235180575,True,35.80886352646084,"2.2938,2.44131,2.34628","35.809,40.799,36.273"
1,100,inv_liquidity_pressure,25.67958078175195,62.044536805230926,0.0,0.14352351442396305,18.401853603210878,34.682917206901564,1.4256648236666029e-263,0.15516599839689815,True,33.11920747681856,"24.6662,26.0651,26.3722","35.005,40.100,33.119"
1,100,pressure_combo,2.67013533355584,62.96542862196821,0.0,0.14471266567023866,1.966598878058382,33.10529241155219,2.493867224518207e-240,0.15231933322497904,True,34.566028333692685,"2.57018,2.74304,2.7005","34.846,40.231,34.566"
1,100,extreme_imbalance,8.878614439601844,60.34507670010744,0.0,0.13143292504809434,5.862330551540465,30.110912973150164,3.4872537511592877e-199,0.14659409676243818,True,32.52857349336813,"8.5658,9.1548,8.92354","33.809,38.817,32.529"
1,100,ask_weakness,23.012224832056024,38.170938075155895,0.0,0.055424056365863894,10.964863731813661,20.183524850172077,1.3664591066814127e-90,0.1301507842421179,True,20.647577744071437,"21.8705,23.313,24.0354","21.110,25.070,20.648"
1,100,bid_ladder_gap,-0.7204651318271238,-43.09295651218194,0.0,0.07821492065474434,-0.46393562390954884,-27.080457848778106,1.6730338065152958e-161,0.14468017408456713,True,22.716139420913173,"-0.720202,-0.715913,-0.725711","-22.716,-26.222,-26.077"
1,100,ask_ladder_gap,0.6533890514713486,47.4117919929103,0.0,0.08947855134269711,0.45086029216307727,30.465363281169957,7.498648050636065e-204,0.14809790239795262,True,25.859814190352257,"0.669793,0.62812,0.662592","25.860,26.448,29.927"
1,100,ret_1,-0.49462792029302644,-102.890642489068,0.0,0.24512827243222868,0.06943197075427161,8.162263858058676,3.288029593287717e-16,0.11999335816126988,True,57.78949852103605,"-0.499812,-0.496325,-0.487542","-57.789,-60.761,-60.095"
1,100,ret_2,-0.49174358287774683,-93.88780469427947,0.0,0.24416105376579067,-0.0917747767058194,-15.042819436825583,3.8480554187350235e-51,0.12488147044046338,True,52.95716621428841,"-0.488156,-0.496832,-0.490323","-52.957,-54.012,-55.707"
1,100,ret_3,-0.48918163957006516,-83.76023730632795,0.0,0.24342606152787027,-0.09083199344615298,-14.81033963112775,1.2560407027015044e-49,0.12487009857220288,True,47.64276623903566,"-0.483234,-0.494621,-0.489934","-47.643,-48.708,-48.744"
1,100,ret_5,-0.4827282509297199,-73.92645795566129,0.0,0.24073464582802884,-0.05017360718919888,-7.751145064936641,9.106757838680629e-15,0.11941311462672421,True,42.176810767295876,"-0.488923,-0.484816,-0.474285","-42.177,-42.877,-43.112"
1,100,ret_10,-0.4687398435389186,-68.80838900695744,0.0,0.23539547243006087,-0.07923779943263795,-13.222166304931486,6.535418445599668e-40,0.12393836808354497,True,38.727006138934335,"-0.469082,-0.475219,-0.462019","-38.727,-40.781,-39.792"
1,100,ret_20,-0.4367768020752364,-66.42288655366298,0.0,0.21507958029431395,-0.0553791638116015,-9.617967915589205,6.714448859662283e-22,0.12057790148715775,True,37.43034073560136,"-0.442207,-0.446217,-0.421767","-38.098,-39.641,-37.430"
1,100,ret_50,-0.37664113820497613,-60.20072988849524,0.0,0.18438055273299092,-0.0171756248858425,-3.284822604281018,0.0010204659974519805,0.11792933602982847,True,34.42252682343601,"-0.380072,-0.383698,-0.366587","-34.423,-34.729,-35.271"
1,100,ret_100,-0.31096911479844325,-54.33974390038867,0.0,0.15488284118666018,0.010123795019619684,2.2081061887106217,0.02723687170502929,0.11744262980749531,True,30.27681722083669,"-0.310521,-0.323215,-0.300396","-31.285,-32.926,-30.277"
1,100,rolling_z_30,-2.2735149189357062,-104.36816989810184,0.0,0.3871361402131267,-0.8653334627435967,-22.48411472696897,5.937297565189717e-112,0.13647039180765608,True,59.17100546079201,"-2.30452,-2.29376,-2.22271","-59.171,-61.360,-60.567"
1,100,rolling_z_60,-2.181936448476269,-102.51132930624104,0.0,0.3745822427072435,-0.6014014437885875,-15.452806854318395,7.222840823018113e-54,0.12653072369092044,True,58.52154996016877,"-2.21782,-2.19617,-2.13277","-58.522,-59.712,-59.562"
1,100,rolling_z_120,-1.9978029840284461,-89.88483699594208,0.0,0.33381879377409596,-0.20879152781776028,-6.151289061297844,7.685569552768456e-10,0.11888711331771529,True,50.55270487923739,"-2.02024,-2.03971,-1.9354","-51.653,-53.785,-50.553"
1,100,rolling_z_240,-1.7329479093365643,-73.71738250113295,0.0,0.2727457047213452,-0.0010233704074452989,-0.040352068737961426,0.9678124427044803,0.11761613434078111,True,40.85994228270927,"-1.77612,-1.75297,-1.67297","-42.308,-45.012,-40.860"
2,200,top_imbalance,4.632521706294273,62.595097566120884,0.0,0.13374351565564369,3.541011088596922,30.58365773816898,2.018915161772325e-205,0.1379380237201897,True,34.91533590766946,"4.41128,4.63927,4.84873","34.915,36.216,37.440"
2,200,depth_vwap,-0.16787608859000178,-39.144324252538304,0.0,0.07322889164016466,0.013584167577456122,4.568317858320011,4.916540503322829e-06,0.10900498030659411,True,21.077378794267414,"-0.178991,-0.220827,-0.150544","-24.430,-24.801,-21.077"
2,200,micro_minus_mid,0.5162075668266166,54.23764110640642,0.0,0.09691681380694528,0.23949517769755904,16.567186829212723,1.2032482821960443e-61,0.11724545129477515,True,29.864447095079917,"0.496264,0.524848,0.527239","29.864,31.350,32.757"
2,200,depth_trend_minus_mid,0.5862841738328559,72.19602689685057,0.0,0.28942065957061414,0.0014032273444413296,0.14953163041064182,0.881134152471307,0.10837624683977587,True,39.685521713982595,"0.578526,0.612581,0.569983","41.622,44.648,39.686"
2,200,all_depth_imbalance,4.03733415507751,58.22239423506081,0.0,0.1693282441867584,-0.1490444801928386,-2.3542469549950553,0.018560275772875192,0.10856109729210794,True,32.62985411864357,"4.07835,4.02636,4.00587","34.666,33.547,32.630"
2,200,log_top_pressure,2.2554803016432485,62.218890845643585,0.0,0.13192049409696094,1.6800122634642711,30.228950046472242,9.867143912329227e-201,0.1371551195572669,True,34.29551175429919,"2.13729,2.26789,2.36218","34.296,36.340,37.360"
2,200,inv_liquidity_pressure,24.28320577476414,56.34826314520562,0.0,0.12924742835836944,17.047086136667172,30.396698617254078,6.07344336877692e-203,0.14085796057486,True,31.853148986427232,"22.8431,23.774,26.3944","32.301,31.853,33.818"
2,200,pressure_combo,2.5389371041568625,59.144252913338406,0.0,0.13171298474421522,1.8455038933918464,30.56811543372313,3.2488051867112657e-205,0.13917642521833096,True,33.07377823763008,"2.38505,2.52244,2.71831","33.074,33.787,36.011"
2,200,extreme_imbalance,8.390615396381357,55.31888230851739,0.0,0.11817312544919356,5.405357215897695,27.05222132542525,3.596418049619033e-161,0.1332161831375147,True,30.28270163890246,"7.83404,8.3746,8.99339","30.283,32.178,33.811"
2,200,bid_ladder_gap,-0.6573047583467296,-39.81817213509233,0.0,0.06540180707997345,-0.4081592032437453,-24.010221494421593,2.174808342504643e-127,0.125766005467702,True,20.66797706411738,"-0.620693,-0.686168,-0.663874","-20.668,-24.360,-24.040"
2,200,ask_ladder_gap,0.6338552635096216,42.81181565293598,0.0,0.081706581877933,0.43443625760900123,28.287557498645395,4.916331007394711e-176,0.14057150351971126,True,23.112710854266364,"0.630193,0.613609,0.654982","26.333,23.113,25.522"
2,200,ret_1,-0.4954163079183768,-103.52776322436871,0.0,0.24305573527268776,0.06833049390160628,8.146613255593081,3.7425822644346376e-16,0.11074101149877558,True,59.175428876470406,"-0.487136,-0.498001,-0.501382","-60.152,-60.139,-59.175"
2,200,ret_2,-0.49316744012294766,-90.97180677524555,0.0,0.2429365903191968,-0.0938451713520024,-15.184401437308628,4.486398202093187e-52,0.11612427647066148,True,52.124355502199734,"-0.481297,-0.496321,-0.502064","-52.124,-53.102,-52.490"
2,200,ret_3,-0.48863991357658254,-83.96441191031654,0.0,0.24086594178191567,-0.08707373912184961,-13.802529005184782,2.4606620223551183e-43,0.11521747633643398,True,48.2524129200696,"-0.484624,-0.489901,-0.491571","-48.508,-48.702,-48.252"
2,200,ret_5,-0.485229560029445,-72.55054461539792,0.0,0.2409679946199773,-0.05097098712693378,-7.649643696430584,2.0153695173838348e-14,0.1104513213195113,True,41.13054073598582,"-0.480635,-0.487207,-0.487982","-42.603,-41.989,-41.131"
2,200,ret_10,-0.4684237240261267,-68.02388175288507,0.0,0.23257838414734633,-0.07227409032582416,-11.960840877686122,5.69819556605679e-33,0.11336806097069985,True,37.92654552631747,"-0.469744,-0.471552,-0.464017","-40.007,-40.008,-37.927"
2,200,ret_20,-0.4431519265619089,-66.77769393702981,0.0,0.21929972244175877,-0.05770492098923201,-9.972937768876966,2.002173587894833e-23,0.11192432354389337,True,37.67125441497806,"-0.446415,-0.441405,-0.441596","-39.606,-38.399,-37.671"
2,200,ret_50,-0.37632131846688266,-58.70728703238546,0.0,0.18216505987210696,-0.014325552151816617,-2.669103956700481,0.007605390677169913,0.10853598983160506,True,33.492056212812635,"-0.371164,-0.384823,-0.37354","-33.744,-34.564,-33.492"
2,200,ret_100,-0.31330504640181667,-54.52121588728809,0.0,0.15576989491779203,0.005947187491747252,1.2576779674536822,0.20850824349678654,0.10819371170627123,True,30.707904055786933,"-0.307955,-0.329672,-0.303895","-31.246,-32.806,-30.708"
2,200,rolling_z_30,-2.274937786238392,-101.92540075946725,0.0,0.38407862814437577,-0.8286072985167126,-21.326875350517216,6.393886244904206e-101,0.12582965380983813,True,58.30152706129737,"-2.2715,-2.28816,-2.26552","-58.302,-59.962,-58.381"
2,200,rolling_z_60,-2.185055506829451,-101.19905650827297,0.0,0.3720766811371755,-0.5664768250572887,-14.25245212224967,4.328125219674311e-46,0.11642960262774038,True,57.450459195373796,"-2.20129,-2.19205,-2.16238","-59.792,-58.171,-57.450"
2,200,rolling_z_120,-2.003415637095253,-88.86717507808294,0.0,0.33227311476140753,-0.19090356794300609,-5.505976543735098,3.671274136088948e-08,0.10961473753087358,True,49.6033600281703,"-2.00416,-2.0442,-1.96362","-51.709,-52.826,-49.603"
2,200,rolling_z_240,-1.7382228024485011,-73.11000955904171,0.0,0.27159613917889214,0.007703466074408045,0.2907278475598866,0.7712594718196072,0.10834031759527485,True,40.078308222620485,"-1.76521,-1.75467,-1.69755","-42.678,-44.329,-40.078"
5,500,top_imbalance,4.741919878272096,62.504795086642844,0.0,0.134977064012477,3.641790596174458,30.19822344483149,2.4992756646407307e-200,0.13922724254425511,True,34.050152912846265,"4.53052,4.86878,4.82782","34.050,37.545,36.866"
5,500,micro_minus_mid,0.5310374952586934,53.07860407079505,0.0,0.09889260395567123,0.25411100728104136,16.31335963494079,7.930813338265521e-60,0.11871188899937568,True,29.21885880367846,"0.51348,0.553859,0.525981","29.219,31.949,30.863"
5,500,depth_trend_minus_mid,0.5897651685638793,71.98350536869094,0.0,0.28635021402341365,0.002487780542649623,0.23506878854750754,0.8141553431207958,0.10907797571761657,True,39.49919308321278,"0.586305,0.616803,0.568513","40.849,45.568,39.499"
5,500,all_depth_imbalance,3.97932817911612,56.40032309928195,0.0,0.16094150273332408,-0.2643037452720171,-4.043452917247739,5.266973680620694e-05,0.10963874322714984,True,31.595161488546943,"4.0865,3.89629,3.95156","34.206,31.904,31.595"
5,500,log_top_pressure,2.307391079751334,62.02727126023349,0.0,0.13297462489790968,1.7241232663015782,29.75952070665043,1.305916728064459e-194,0.13829876812458863,True,33.59169307246667,"2.19821,2.37733,2.34751","33.592,37.267,36.838"
5,500,inv_liquidity_pressure,24.692860806832204,57.06201090764476,0.0,0.12849497766284512,17.159873468862006,30.454385607065362,1.0479918943289341e-203,0.14074524330776184,True,31.4766770835781,"23.1373,25.0144,26.0343","31.477,33.523,34.139"
5,500,pressure_combo,2.592829892312051,59.394320974697884,0.0,0.13218322198065013,1.8811268645208647,30.332900401053163,4.223470561250552e-202,0.1398944878473778,True,32.51763837759509,"2.44148,2.65494,2.68795","32.518,35.245,35.423"
5,500,extreme_imbalance,8.56573090707949,55.754284939598044,0.0,0.11849751377859397,5.502146813695584,26.990475954319237,1.9118575593200127e-160,0.13385534776090124,True,30.295770842995232,"8.02358,8.82543,8.86698","30.296,33.245,33.355"
5,500,bid_ladder_gap,-0.6611591009613164,-39.60838125362671,0.0,0.06466489762794025,-0.40054346502013805,-22.874749520353504,8.290090558368395e-116,0.13025607749134493,True,21.471726394802165,"-0.684841,-0.631113,-0.669158","-22.785,-21.472,-24.824"
5,500,ask_ladder_gap,0.6357539831578168,47.09647365600637,0.0,0.08232213109923103,0.4356087147040614,30.46712075755696,7.107293291988187e-204,0.13876922256857382,True,25.466425731640115,"0.638842,0.618952,0.648599","25.466,27.806,28.411"
5,500,ret_1,-0.49822713773257415,-103.1712812684858,0.0,0.24047829972369916,0.07203449038309362,8.412081419520748,4.0279811907221315e-17,0.11161207211543622,True,58.50798332145943,"-0.503724,-0.497989,-0.492767","-58.508,-60.721,-59.611"
5,500,ret_2,-0.49663566022221806,-92.26725352422281,0.0,0.24129547846301613,-0.0964018999135077,-15.15772577908947,6.736171071293506e-52,0.1172211332905152,True,51.485173130930114,"-0.495803,-0.497924,-0.496199","-54.417,-54.061,-51.485"
5,500,ret_3,-0.4926692430328989,-84.4783040611441,0.0,0.23929014419191785,-0.08802029809097338,-14.017724989761097,1.214457200659462e-44,0.11598219684751065,True,47.61219440733166,"-0.499217,-0.493763,-0.484728","-49.235,-49.606,-47.612"
5,500,ret_5,-0.4815645191151416,-72.33291398707117,0.0,0.23202565088104932,-0.03695744773595889,-5.555507266969029,2.7680669783578684e-08,0.11008648762855888,True,40.92720037784151,"-0.488031,-0.482535,-0.473946","-42.119,-42.271,-40.927"
5,500,ret_10,-0.46806454466037817,-67.85935871463825,0.0,0.22714240324401969,-0.06858216389596446,-11.056431772539279,2.040546688956689e-28,0.11339720020991184,True,37.49942595464338,"-0.472208,-0.477361,-0.454762","-39.936,-40.188,-37.499"
5,500,ret_20,-0.44510789144186547,-65.78412209724027,0.0,0.21601185150972968,-0.06049470332648002,-9.687378821978692,3.411720587968347e-22,0.11258113917891865,True,37.28872543176048,"-0.449411,-0.446123,-0.43971","-38.824,-37.848,-37.289"
5,500,ret_50,-0.3767216817243241,-58.78973886302116,0.0,0.17870629145554096,-0.012810205542918639,-2.3366354078275204,0.01945814973393453,0.1093168169252875,True,33.79811783660116,"-0.377624,-0.381827,-0.371108","-33.798,-33.802,-34.313"
5,500,ret_100,-0.3121826183381973,-51.89954548148843,0.0,0.15093887595775046,0.014044563937876293,2.845691883772916,0.004431505112033762,0.10943400165426942,True,29.32355428201457,"-0.31286,-0.323434,-0.301533","-29.789,-31.101,-29.324"
5,500,rolling_z_30,-2.2834336986387394,-102.170660499508,0.0,0.37834782658195143,-0.8061870441450925,-19.9484572341029,1.5458511593540198e-88,0.12520251908329172,True,56.759488510525344,"-2.30097,-2.30473,-2.24504","-58.365,-62.262,-56.759"
5,500,rolling_z_60,-2.1994541672189993,-101.1438888870554,0.0,0.36856816531015757,-0.5691802255924355,-13.567098778092046,6.275726952775834e-42,0.11709102174982511,True,56.63971560552521,"-2.23423,-2.21306,-2.15196","-58.785,-59.943,-56.640"
5,500,rolling_z_120,-2.015594628004028,-88.3148824582632,0.0,0.32887391629786666,-0.20147502188920335,-5.288670381281293,1.232086893165521e-07,0.11041639003099823,True,48.91378280254917,"-2.03567,-2.05552,-1.95758","-50.814,-53.628,-48.914"
5,500,rolling_z_240,-1.7479693816960162,-71.80957960536955,0.0,0.2686013344548195,-0.0015307466414596262,-0.0508291911888577,0.9594616297308062,0.1089316312081412,True,39.08609240392504,"-1.79236,-1.76509,-1.68981","-41.688,-44.196,-39.086"
10,1000,top_imbalance,4.680905669607759,59.67707502619309,0.0,0.12421638755864417,3.3581288622427996,24.69819654893287,1.1182800329059816e-134,0.13027436858454755,True,33.121900099251235,"4.64594,4.80806,4.58863","33.695,36.789,33.122"
10,1000,micro_minus_mid,0.5189697506386896,51.05549676679871,0.0,0.08909643549304547,0.21121281989045287,12.510634821794476,6.530026198986301e-36,0.1123394981767637,True,28.334911330464195,"0.52473,0.538711,0.494165","28.335,31.550,28.836"
10,1000,depth_trend_minus_mid,0.594929913139804,62.325440128040775,0.0,0.28104630818589715,0.021400473273231312,1.6712445255639614,0.0946733888152484,0.10621649532589872,True,33.21482767782909,"0.584294,0.622953,0.579959","35.841,40.587,33.215"
10,1000,all_depth_imbalance,4.0019261647771005,56.575323323049126,0.0,0.15685338327463316,-0.22588997834846028,-3.4168270319033267,0.0006335551862723294,0.1064413116755697,True,31.644289824400513,"4.06205,3.97291,3.96894","33.930,32.427,31.644"
10,1000,log_top_pressure,2.278769040663112,59.15565593056088,0.0,0.12249741534536918,1.5946660560957286,24.44536854012548,5.636775237927058e-132,0.12967610076133418,True,33.045911305590614,"2.25383,2.3507,2.232","33.199,36.452,33.046"
10,1000,inv_liquidity_pressure,24.599972214418198,55.23696088448887,0.0,0.12066369776193175,16.558769106379405,26.67468580252253,9.258308798007754e-157,0.13397304674874222,True,29.483278969519425,"23.8811,24.9904,24.9634","32.213,34.288,29.483"
10,1000,pressure_combo,2.569198145329437,56.55974556688773,0.0,0.1226933527516566,1.774203201569132,25.42003088822161,1.5147154104787928e-142,0.13198752558160864,True,31.20152692220177,"2.50705,2.63604,2.56555","31.913,35.113,31.202"
10,1000,extreme_imbalance,8.509775641045833,53.56430698267435,0.0,0.11058907546259733,5.240305519114662,23.168663949443214,9.428010511292347e-119,0.1273246163396804,True,29.574416947455575,"8.26074,8.83522,8.43566","30.234,33.181,29.574"
10,1000,bid_ladder_gap,-0.6913969019683247,-39.9193104821785,0.0,0.066649383172797,-0.43307068005101046,-24.024061329784573,1.558888382426809e-127,0.12736177210152044,True,22.291961485985073,"-0.691713,-0.670585,-0.713029","-22.813,-24.581,-22.292"
10,1000,ask_ladder_gap,0.6607003412491081,44.48518511528311,0.0,0.08487709670655397,0.4467658557497548,28.290436927158172,4.531281736771808e-176,0.14542473642363374,True,24.488336954309514,"0.676946,0.662233,0.647076","25.977,24.488,26.805"
10,1000,ret_1,-0.5014505250111846,-113.18626381508632,0.0,0.2347145951894234,0.06612752394908153,7.012183190206739,2.3462771035185855e-12,0.10807013471886018,True,63.092277182113136,"-0.495692,-0.503683,-0.505163","-67.912,-65.280,-63.092"
10,1000,ret_2,-0.4962843508562887,-101.56256457217623,0.0,0.23213137332985168,-0.09001322026953947,-14.292359198129903,2.4419458438316476e-46,0.11271131436217152,True,57.74382488303153,"-0.496205,-0.497598,-0.49506","-58.759,-57.744,-59.512"
10,1000,ret_3,-0.49834872981631473,-97.04983299923695,0.0,0.23630478854638026,-0.09950440461551577,-15.277648244260774,1.0775988320427103e-52,0.11469140428247959,True,53.68526016337303,"-0.495922,-0.504872,-0.494359","-55.716,-59.075,-53.685"
10,1000,ret_5,-0.4846103075911783,-85.31874598784457,0.0,0.22638924915570846,-0.04007406717183747,-5.841373570931551,5.177216184515853e-09,0.10740268141099796,True,46.0435350247551,"-0.483627,-0.492936,-0.477296","-50.247,-51.911,-46.044"
10,1000,ret_10,-0.47381828771499196,-70.00785887887147,0.0,0.22462610481597778,-0.07697785716523166,-11.502853220792574,1.2762553375133972e-30,0.11144342392402484,True,39.61886809485103,"-0.469389,-0.470904,-0.481145","-39.619,-41.435,-40.343"
10,1000,ret_20,-0.4466442209958414,-65.42463151072069,0.0,0.20994980281574804,-0.059950011195857314,-9.408261942472901,5.044084195382084e-21,0.10955120706080868,True,37.611796933123784,"-0.443042,-0.447133,-0.449884","-37.612,-37.712,-38.026"
10,1000,ret_50,-0.3809419098862625,-56.615913615429726,0.0,0.17629103077965003,-0.02000119084260752,-3.227823481646376,0.0012473591957007908,0.1066597873345757,True,31.9018191042419,"-0.377793,-0.391685,-0.374032","-32.219,-34.163,-31.902"
10,1000,ret_100,-0.3167027508425299,-48.8407881351703,0.0,0.15001304608550858,0.002094518529247017,0.3697925831382228,0.7115370419347116,0.10575262738351832,True,27.305803827883427,"-0.312874,-0.331077,-0.307707","-28.038,-29.775,-27.306"
10,1000,rolling_z_30,-2.292858166949066,-92.60079999702454,0.0,0.36804669764554154,-0.8321625080464155,-17.24377244543578,1.2463189919095992e-66,0.12235748458346851,True,50.93982865071448,"-2.27715,-2.29138,-2.31039","-50.940,-54.445,-55.337"
10,1000,rolling_z_60,-2.2123225221482863,-93.17110611869985,0.0,0.3596959210639348,-0.6408102434480358,-12.73783908225499,3.6434709741036446e-37,0.115660090353229,True,53.54605283611803,"-2.21891,-2.21164,-2.20685","-54.232,-53.638,-53.546"
10,1000,rolling_z_120,-2.0288728918925636,-79.08244809956904,0.0,0.3212636744340681,-0.2680630546573719,-5.841040968944382,5.187564406481376e-09,0.10835151263943898,True,43.155110488475096,"-2.01957,-2.0655,-2.00319","-46.394,-47.904,-43.155"
10,1000,rolling_z_240,-1.7614959317838323,-62.577592831945935,0.0,0.26306802537823126,-0.04614388604138543,-1.2410367232384902,0.21459218303293948,0.1059468449202916,True,33.08358063333565,"-1.7831,-1.77432,-1.7299","-36.750,-39.545,-33.084"
25,2500,top_imbalance,4.852665792933306,59.036248831850614,0.0,0.11605939395864384,3.2650789517051155,18.548281783848562,8.420079401713326e-77,0.1232945281876141,True,31.598049939572046,"4.72309,4.91062,4.92272","31.598,35.763,35.312"
25,2500,micro_minus_mid,0.5441367902667642,50.014450105599764,0.0,0.08520641815402397,0.20989706870479885,9.826342976987716,8.671047448938682e-23,0.10878417295388176,True,27.04797386447383,"0.533785,0.553118,0.545141","27.048,29.979,29.790"
25,2500,depth_trend_minus_mid,0.5959235805976539,41.66700769089513,0.0,0.26102746290905576,0.025653519642244306,1.1831171465391006,0.23676272323409198,0.10358760872131956,True,21.87061665856207,"0.585834,0.630321,0.574616","23.730,28.335,21.871"
25,2500,all_depth_imbalance,3.88603861260864,53.11862308164937,0.0,0.13684733032046648,-0.18671411211584815,-2.5849519230597546,0.009739257669937105,0.10361388123332904,True,29.907675617864335,"3.92404,3.89787,3.8355","31.793,29.908,30.394"
25,2500,log_top_pressure,2.3602661868741994,58.64711192593119,0.0,0.11424141710260693,1.546568776798798,18.567424201524666,5.896455988949572e-77,0.12270341656161088,True,31.20966632529057,"2.28684,2.4012,2.39226","31.210,35.772,35.123"
25,2500,inv_liquidity_pressure,25.24727661501575,54.80836679342911,0.0,0.11040706809140732,15.905721241769932,21.540307257919785,6.527246303390779e-103,0.1257652354675194,True,30.047232181220142,"23.9849,25.5395,26.2967","30.047,32.768,32.490"
25,2500,pressure_combo,2.6551787200387427,56.70397908265523,0.0,0.11386661593772107,1.7233527822236554,20.2193369974413,6.616636133861926e-91,0.12464825540327329,True,30.378674337943625,"2.53872,2.6968,2.73381","30.379,34.221,34.238"
25,2500,extreme_imbalance,8.749029190583466,53.2656155386769,0.0,0.10154945989227815,5.008582368151582,18.7653674433409,1.449915591440045e-78,0.12026571621911153,True,28.434324272980998,"8.29119,8.97881,8.99117","28.434,32.349,32.067"
25,2500,ask_ladder_gap,0.6553090892386085,41.069551449334284,0.0,0.07352150837381743,0.43090480273141013,24.96305206417772,1.540931404347477e-137,0.12680424557765824,True,21.932614856739043,"0.71983,0.618469,0.635411","27.658,21.933,23.535"
25,2500,ret_1,-0.49620563122083905,-114.21722362506964,0.0,0.2131478500822941,0.07502389561079015,6.542846493425284,6.035877836658646e-11,0.1056434367951643,True,65.27365322152127,"-0.493691,-0.494205,-0.500836","-66.328,-65.914,-65.274"
25,2500,ret_2,-0.4880030153777594,-108.00833263948932,0.0,0.20771165319639606,-0.08643931918608885,-13.216885480019325,7.010726992004134e-40,0.10862543565696048,True,59.28721367208904,"-0.477831,-0.492068,-0.49428","-62.226,-59.287,-66.512"
25,2500,ret_3,-0.49286732115656656,-102.26019316324809,0.0,0.21339819840664442,-0.09805097628020262,-14.358402339260254,9.437780106720982e-47,0.11031731575402648,True,58.176405204051015,"-0.491191,-0.497932,-0.489559","-60.653,-58.176,-58.423"
25,2500,ret_5,-0.48300104824436596,-97.4695742300613,0.0,0.2083437315372484,-0.047273717768715647,-6.36204137492153,1.9908979181172686e-10,0.10467521122950973,True,53.71589531536332,"-0.482006,-0.48204,-0.485006","-56.783,-53.716,-58.481"
25,2500,ret_10,-0.46538997848582725,-79.17474912058374,0.0,0.20029946308318414,-0.07090161155341879,-10.214643043261788,1.7050555009783094e-24,0.10728718399808257,True,44.315985771572294,"-0.469614,-0.469479,-0.457169","-47.377,-44.316,-45.646"
25,2500,ret_20,-0.43974224469042156,-61.1905592041309,0.0,0.18848750046291485,-0.05300621471970189,-6.989726275926041,2.754230688773089e-12,0.10548798460579278,True,34.733412195597246,"-0.431655,-0.450987,-0.436795","-35.416,-35.913,-34.733"
25,2500,ret_50,-0.38455258853728974,-44.951362766267074,0.0,0.16631162709977665,-0.029242200560262277,-3.495665979859016,0.00047288024690182365,0.10402088067500026,True,25.252861889719256,"-0.379061,-0.399236,-0.376347","-25.253,-27.653,-25.263"
25,2500,rolling_z_30,-2.2760878807395883,-76.42207456445118,0.0,0.335802509616693,-0.8249144767013229,-12.632929570452358,1.3900498325179485e-36,0.1171082380358055,True,43.50244303017256,"-2.27665,-2.28777,-2.26444","-43.502,-43.667,-45.236"
25,2500,rolling_z_60,-2.207630168786779,-71.0873863039308,0.0,0.3315806583884745,-0.6719553399990906,-9.050077509281952,1.4286689314292435e-19,0.11228011054085651,True,40.03555699175886,"-2.21754,-2.23451,-2.17169","-40.036,-42.116,-41.011"
25,2500,rolling_z_120,-2.032846062513031,-55.650020119445124,0.0,0.2988339171285903,-0.286380536354054,-3.8749219397629777,0.00010665888438314839,0.10535449886113446,True,30.43273330374333,"-2.01877,-2.09268,-1.98967","-31.503,-35.113,-30.433"
25,2500,rolling_z_240,-1.7703693647722696,-42.57242418787783,0.0,0.24590396448447294,-0.06368452141489148,-1.025573292608107,0.30509276165341215,0.10346857277725419,True,22.323120654696602,"-1.80492,-1.79598,-1.7143","-24.316,-28.186,-22.323"
50,5000,top_imbalance,4.79446199383508,53.34121837033776,0.0,0.09521693398240105,3.226386918705633,11.866282823314245,1.7716594455391441e-32,0.10158045525914339,True,30.288208570568955,"4.77422,4.72138,4.88389","30.288,31.407,30.906"
50,5000,micro_minus_mid,0.5409085055193317,46.04463576799267,0.0,0.07075006567299857,0.21438667851350815,6.611277394922201,3.8101774357194715e-11,0.0899594756102845,True,25.59298936799176,"0.537399,0.538086,0.546471","25.593,26.079,28.293"
50,5000,all_depth_imbalance,3.879964122019953,51.08552833654995,0.0,0.12141516827411347,-0.1215309708260416,-1.4233104923419686,0.15464616669757236,0.08530389980982833,True,27.897050571516257,"3.98154,3.88195,3.77385","29.730,30.983,27.897"
50,5000,log_top_pressure,2.3294236798078494,52.79864079574148,0.0,0.09354116949691482,1.5240021845287108,11.882823817419219,1.453720080952577e-32,0.10100833773366003,True,29.68485019532434,"2.31717,2.29675,2.37249","29.685,31.596,30.453"
50,5000,inv_liquidity_pressure,24.80577818784303,48.841500580893616,0.0,0.0895829779474504,15.501212371180188,14.779918778018677,1.9740409699148165e-49,0.10309712016027606,True,27.143432258881205,"24.6354,24.0762,25.7554","28.059,29.768,27.143"
50,5000,pressure_combo,2.6125716304510767,51.091750703646504,0.0,0.09269270642214511,1.6831433534326807,13.256205620586236,4.153872269480496e-40,0.10229153280244274,True,28.730054743591896,"2.58444,2.55903,2.69572","28.730,31.005,29.163"
50,5000,extreme_imbalance,8.631606906843714,48.133250113464996,0.0,0.08314052776866188,4.950663570766925,12.88867126074942,5.213431159280071e-38,0.09910120744702089,True,26.701653992907936,"8.5482,8.42447,8.92915","26.702,29.596,27.564"
50,5000,ret_1,-0.4892161482550569,-113.48478583717063,0.0,0.1839249774252959,0.09017531229190293,5.725868915396669,1.0290565908395382e-08,0.08796581239116186,True,64.52844772610534,"-0.493907,-0.484385,-0.489239","-65.057,-67.308,-64.528"
50,5000,ret_2,-0.48443277136402085,-116.97207485605237,0.0,0.18210927514092878,-0.08783325205676457,-11.673125474525902,1.7487816160795796e-31,0.08982366059299984,True,64.13103189628575,"-0.480585,-0.484447,-0.488323","-67.743,-71.117,-64.131"
50,5000,ret_3,-0.4808401918265071,-109.72454669676317,0.0,0.1810314764067914,-0.07835606574649913,-10.957151361710281,6.140176056346838e-28,0.08909400270714696,True,61.575143170737775,"-0.485111,-0.470191,-0.487042","-65.256,-63.757,-61.575"
50,5000,ret_5,-0.4735450733361314,-99.82903525698514,0.0,0.17822576095792309,-0.03494394480643931,-4.065189488789448,4.799345283772221e-05,0.08584784971374426,True,55.201774092528204,"-0.474148,-0.469221,-0.477279","-55.909,-62.994,-55.202"
50,5000,ret_10,-0.46289501479181616,-83.25130809196733,0.0,0.17661539176884788,-0.07088011791637869,-9.154326077227081,5.46981443446242e-20,0.08836449202361907,True,44.57915156704027,"-0.463653,-0.467468,-0.457692","-47.133,-53.939,-44.579"
50,5000,ret_20,-0.44394941742403,-61.980879088055815,0.0,0.17099799645786462,-0.06368546485345249,-7.089550848996386,1.3454795857482528e-12,0.08808411759707901,True,33.25322658103123,"-0.446232,-0.447737,-0.437963","-36.655,-37.935,-33.253"
50,5000,rolling_z_30,-2.2736731112621538,-67.70264293624926,0.0,0.2976384644795832,-0.8602994770545938,-10.268468683900327,9.774378973800408e-25,0.09769363904657558,True,37.355687820904926,"-2.29493,-2.2627,-2.26405","-38.390,-41.904,-37.356"
50,5000,rolling_z_60,-2.1993203063922686,-54.26134421748436,0.0,0.2925121897563939,-0.6921223931486533,-6.159206833224381,7.311018870608164e-10,0.09309450744281789,True,27.994981817329286,"-2.21558,-2.22276,-2.16094","-30.529,-37.413,-27.995"
50,5000,rolling_z_120,-2.0257254140258216,-38.89273179023843,0.0,0.2640975481912674,-0.32136058162051584,-2.6180832562024126,0.008842522774277458,0.0872479324482377,True,19.110914824808606,"-2.02595,-2.06046,-1.99343","-22.907,-28.079,-19.111"
25,2500,bid_ladder_gap,-0.6851525698420958,-37.482294017559134,1.7897404409282203e-307,0.05944987003133895,-0.40156421887543653,-20.237741810098232,4.5556999060901264e-91,0.1183035886266901,True,20.79657446632975,"-0.690487,-0.708091,-0.65632","-20.797,-22.029,-22.419"
2,200,wall_ratio_asym,0.3722104228021261,37.20646147319077,5.365022816104553e-303,0.045752044094135025,0.09533044172481259,8.20828272413652,2.2437438547669463e-16,0.11053488506098252,True,20.45276690722576,"0.355221,0.380735,0.380551","20.453,21.784,22.206"
5,500,wall_ratio_asym,0.3926458650396282,37.14429035870081,5.420673396010837e-302,0.0491175426241357,0.11509450757751499,9.30796689518333,1.3030259621150628e-20,0.11211273088410945,True,20.04627168443093,"0.367731,0.42218,0.388087","20.046,22.777,21.542"
1,100,wall_ratio_asym,0.37924833005958763,36.99700478381222,1.2794160455161149e-299,0.047205464690607046,0.08572749591376957,7.350860542570221,1.969348090009239e-13,0.11930257038341718,True,19.81809419591648,"0.355706,0.406822,0.375311","19.818,23.012,21.276"
5,500,depth_vwap,-0.16935087531147258,-36.11474066024944,1.3314216962865455e-285,0.07284361204817236,0.011716923517639906,3.410875869937051,0.0006475456407379964,0.10952721665809662,True,19.227761129525167,"-0.183238,-0.219033,-0.152085","-22.881,-22.938,-19.228"
1,100,bid_weakness,-21.1889607871743,-36.029277408375975,2.9120550366011624e-284,0.04971943266251522,-9.39641152532364,-17.427379560873234,5.113619039630846e-68,0.12729962055537758,True,18.20359717913786,"-21.0492,-22.0549,-20.4704","-21.339,-23.621,-18.204"
10,1000,wall_ratio_asym,0.3787485694656562,35.347684556666565,1.0881789759211433e-273,0.04309492851066521,0.08916519590093429,7.067714211769103,1.5750650004706268e-12,0.10777439479264084,True,18.582831859511924,"0.362174,0.386958,0.386989","18.583,21.261,21.581"
5,500,ask_weakness,22.52391712110198,35.006615860506294,1.784405201165706e-268,0.051462372646764454,10.919603498802873,18.974213253897627,2.7865167404130356e-80,0.1211876644671599,True,17.901372400781675,"21.3037,22.6265,23.8593","21.400,21.768,17.901"
50,5000,ask_ladder_gap,0.6354371457255986,34.98824762737351,3.395496911667092e-268,0.0611887091877662,0.40960493219175254,19.941452904912246,1.7782418314468837e-88,0.10168442668669209,True,19.291184118628212,"0.661149,0.641749,0.607997","20.303,21.975,19.291"
2,200,ask_weakness,22.1987352853591,34.94814308547987,1.3818089813045722e-267,0.0513602569235736,10.985615924418623,18.637083427447113,1.6077079897133707e-77,0.1210923745255692,True,18.75119476065133,"21.5034,21.0815,24.2799","23.445,18.751,19.054"
50,5000,ret_50,-0.38351025968198665,-34.92002216340115,3.693504621776433e-267,0.14701647037534915,-0.028222101259119094,-2.348894461585781,0.018829242974687386,0.08573216771639147,True,18.123713851725544,"-0.379341,-0.395029,-0.377174","-20.226,-23.357,-18.124"
25,2500,ask_weakness,23.124250832323057,34.723198783181125,3.5189780917593413e-264,0.046901539170241535,10.319666880181835,14.915597744731416,2.609300820135086e-50,0.11225467340362782,True,19.39529916313815,"21.7153,23.2848,24.6153","19.395,20.287,20.796"
1,100,ask_strength,-0.1357850960430816,-34.33652719815397,2.237941605190425e-258,0.045818435494829,-0.04277416684453678,-11.295711744128843,1.3778327597501666e-29,0.12189382719992914,True,19.561851252055508,"-0.13337,-0.139946,-0.134068","-19.888,-19.997,-19.562"
25,2500,ret_100,-0.31659509725772633,-34.22231709357303,1.1261095488530225e-256,0.13889647322650345,0.00601930340000878,0.6849532168863368,0.49337344293550944,0.10364282097862065,True,18.639608746537814,"-0.309512,-0.333408,-0.308793","-19.541,-21.916,-18.640"
25,2500,ask_strength,-0.136854830093985,-33.95127415811173,1.1680685296848342e-252,0.03899459472892319,-0.03964578322399795,-8.718859744277786,2.810174121392965e-18,0.10634020765453178,True,17.90217189177287,"-0.127493,-0.141017,-0.142136","-17.902,-20.368,-20.606"
5,500,ask_strength,-0.1359248630368732,-33.94226632190888,1.5862986264459518e-252,0.04446806990290786,-0.046152795935888495,-11.90085955262365,1.1713440106339075e-32,0.11396153841292234,True,18.785149365597945,"-0.131911,-0.138133,-0.137769","-18.785,-20.594,-19.529"
10,1000,ask_weakness,22.566342959112006,33.928893551820465,2.498297462448921e-252,0.049593457684418585,10.652163548152757,16.499621017844024,3.692024360598145e-61,0.11694681610403501,True,18.23346224421396,"21.818,22.9673,23.0104","19.511,21.257,18.233"
2,200,bid_weakness,-19.55935104463075,-33.724760908134826,2.5068776875924153e-249,0.04228742212176917,-7.87707971191387,-14.002935612355241,1.4956283278664376e-44,0.11525645266394957,True,17.657031847888298,"-18.1468,-20.3806,-20.1955","-17.657,-20.024,-21.036"
5,500,bid_weakness,-19.89520381601285,-33.59148521796391,2.2336346770982444e-247,0.042257669143406784,-8.154740919547333,-14.48087474259646,1.6004731640556991e-47,0.11615348928020386,True,18.66595671859536,"-18.8469,-20.9569,-19.9126","-18.666,-19.962,-19.674"
25,2500,wall_ratio_asym,0.39594008114531304,33.444032022790346,3.1429191763508813e-245,0.04098392063467393,0.08695996063351424,5.917496749707775,3.268783188195597e-09,0.10480779799543039,True,17.980330390688195,"0.382839,0.393235,0.411203","17.980,18.967,21.192"
2,200,ask_strength,-0.12942513681590292,-33.418951935212725,7.274431355284653e-245,0.04136734954341781,-0.04166412091834461,-11.060870957954577,1.9420249987770986e-28,0.11249975159283587,True,18.756454118733156,"-0.129578,-0.127037,-0.131638","-20.253,-18.979,-18.756"
25,2500,bid_weakness,-20.560746946056476,-33.37183191480103,3.514089843883642e-244,0.03900794321208578,-7.556206390580977,-11.676858997876302,1.673663959227268e-31,0.10839771287171929,True,17.63811902008151,"-19.7389,-21.2984,-20.6629","-17.638,-20.563,-19.909"
1,100,bid_strength,0.12266594268614388,33.21880471604756,5.762016355469639e-242,0.03822644248932272,0.03147592609335633,8.47539238409278,2.3428850643177192e-17,0.11992574602636497,True,18.123304407360216,"0.121378,0.126822,0.119952","18.123,19.710,19.755"
10,1000,depth_vwap,-0.17685387521633508,-33.043810161347,1.9090445262837307e-239,0.076556225477736,0.0027277077107437254,0.6582749910209978,0.5103614450724945,0.1060761002731434,True,17.007432394353895,"-0.189042,-0.232675,-0.158444","-21.629,-22.128,-17.007"
2,200,bid_strength,0.11913810846764225,32.907075745308276,1.740982459139499e-237,0.03598148540407897,0.032099754090161865,8.597827520362241,8.123927088328766e-18,0.1108429214558938,True,16.938791963450438,"0.109112,0.125298,0.122747","16.939,19.510,20.667"
10,1000,bid_weakness,-19.6940474178936,-32.853367661971554,1.0196185827836643e-236,0.03965392464375772,-7.721796561875019,-13.144221466300165,1.836863502876088e-39,0.11207624845258457,True,16.98800346353543,"-19.1718,-20.6533,-19.2696","-18.491,-22.211,-16.988"
50,5000,ask_weakness,22.724085811136458,32.26756277321593,1.9952823558167016e-228,0.03936135823108444,10.018939560389846,11.897701501117684,1.2165173349736079e-32,0.09223842490026335,True,17.157637830606852,"21.3298,22.8155,24.2921","18.529,20.840,17.158"
5,500,bid_strength,0.11991675189311606,32.21853124658043,9.710707710851438e-228,0.03537148036960058,0.03122876949578652,8.133250746387631,4.179289082348719e-16,0.11132772393636026,True,17.78778573775329,"0.114905,0.125741,0.119101","17.788,18.708,19.348"
10,1000,bid_strength,0.12225932846514626,32.181119965374855,3.2428105871398005e-227,0.035039104037790425,0.03382530711992445,8.426096581026634,3.573872307423735e-17,0.10854878190969597,True,17.297811497099026,"0.120523,0.126049,0.120268","17.298,19.672,18.869"
10,1000,ask_strength,-0.12661441284281638,-31.410045486472562,1.4754620656883864e-216,0.036992196897171814,-0.03295017468343694,-8.174494162097677,2.9710971311941705e-16,0.10840345305216659,True,17.722122800332897,"-0.129734,-0.129405,-0.12068","-18.191,-18.483,-17.722"
25,2500,bid_strength,0.12355749343954398,30.57651132028252,2.5126339353906515e-205,0.03233905276143767,0.0254701374024741,5.610328717746686,2.019426576226953e-08,0.1046144759260007,True,17.284028955887603,"0.128215,0.120607,0.121929","17.284,17.354,18.356"
50,5000,bid_weakness,-20.1740391347546,-30.347353025333955,2.722872588758336e-202,0.03265789215988202,-7.309910514143857,-9.008160759333204,2.0954104507397016e-19,0.08917092999538401,True,17.19350900871628,"-21.3494,-19.2696,-19.8494","-17.194,-18.504,-17.333"
50,5000,bid_ladder_gap,-0.6312757983466881,-30.212472799799563,1.6243756190475064e-200,0.04380843928669542,-0.3445908656976641,-14.174465139165504,1.3184383529536294e-45,0.09194905471662596,True,15.622284147535666,"-0.717994,-0.595151,-0.582912","-21.105,-16.921,-15.622"
50,5000,ask_strength,-0.13444167833999857,-29.827468182141125,1.720856482050745e-195,0.03274640097807058,-0.03717708809461509,-6.23375075251911,4.55397462455834e-10,0.0874082959916671,True,15.495815995814892,"-0.119462,-0.14152,-0.142461","-15.496,-18.678,-17.726"
50,5000,rolling_z_240,-1.7869598404201583,-29.816974377202218,2.3540136003022138e-195,0.22292824185248927,-0.15032307881750104,-1.440993237659347,0.14958659324618825,0.08588035469071698,True,14.35155561511602,"-1.86225,-1.78776,-1.71687","-17.854,-21.759,-14.352"
50,5000,depth_trend_minus_mid,0.600558816634603,29.571268658730176,3.499562323906143e-192,0.2362120951481178,0.052298284737166925,1.4296489152659984,0.1528178088840207,0.08593716599473367,True,14.200546271811858,"0.59643,0.626351,0.581576","17.751,22.496,14.201"
50,5000,wall_ratio_asym,0.3879511000267894,29.559252218760687,4.9943766062327155e-192,0.03305058769866598,0.08073794806981585,4.064082631005572,4.822174175859564e-05,0.0862530157372301,True,15.347446827563589,"0.360549,0.374827,0.427233","15.347,16.782,19.277"
50,5000,bid_strength,0.12505259661594828,28.190096439805625,7.733844763261773e-175,0.028772286817326576,0.030034894413404834,5.044747834231283,4.541198698774428e-07,0.08666028325157338,True,15.513582376454591,"0.13824,0.113179,0.123865","17.052,15.514,16.649"
25,2500,bid_pressure,1.058426055890682,27.954265136806093,5.85051427290683e-172,0.07702260383308868,0.5056314848370455,14.669504110719112,1.010810738855922e-48,0.11472573574598766,True,15.080929587615051,"0.965796,1.1049,1.11797","15.081,16.866,17.293"
1,100,book_gap_asym,0.2401644394164239,27.488514480772803,2.408568465612883e-166,0.027086901883284997,0.2927850631561298,34.66302146632473,2.8435563691749987e-263,0.15748782414377516,True,13.748169853504907,"0.21825,0.249261,0.252181","13.748,17.011,16.935"
2,200,bid_pressure,1.0193467541865577,27.397539289251778,2.934063790247089e-165,0.09040884284812234,0.5481990246110264,17.749505195927007,1.7387923482773703e-70,0.12521554808901347,True,14.906213273658851,"0.891097,1.04594,1.14168","16.470,14.906,16.612"
5,500,bid_pressure,1.02312945353284,27.008043138239245,1.18901528642489e-160,0.08778619233029372,0.5321353056912068,16.761364065707134,4.6776790116028524e-63,0.12437913382882371,True,14.965571510852346,"0.904461,1.08272,1.09978","15.379,14.966,16.958"
1,100,bid_pressure,1.0382176221616617,26.774691192729552,6.3710349588449415e-158,0.09312292138729017,0.5300365887094375,16.871663373419366,7.271945758950761e-64,0.13320558308030206,True,15.274502211768715,"0.936325,1.10322,1.08995","15.277,15.275,16.075"
50,5000,bid_pressure,1.0483084854215785,26.71266169076109,3.3547818167977876e-157,0.0635540334398923,0.5093895902024983,11.225631149199303,3.05199463755206e-29,0.0949040380756151,True,13.734407098285708,"1.01165,1.02943,1.11057","16.600,13.734,16.490"
5,500,ask_wall_ratio,-0.058743457604283476,-26.50713030829766,8.021195746175587e-155,0.02533720510395021,-0.013815885136776573,-6.658285773010048,2.770397177954616e-11,0.11057423761692486,True,14.828640459315057,"-0.0575201,-0.0614906,-0.0572188","-14.829,-16.286,-14.860"
10,1000,bid_pressure,1.0394695649890473,26.14179740042619,1.2216391184987427e-150,0.08552279367239968,0.5420605650150931,15.431265854379268,1.0087214615603599e-53,0.12105747333398886,True,14.510226216392377,"0.938611,1.09325,1.10149","14.590,14.510,16.975"
25,2500,ask_wall_ratio,-0.05878317226275174,-26.03467145722817,2.006575310461789e-149,0.021957275988899072,-0.010753132570900308,-4.49351083786938,7.00584541750492e-06,0.10412841434358455,True,13.469200621577798,"-0.0529093,-0.0608961,-0.0625435","-13.469,-15.430,-16.280"
25,2500,depth_vwap,-0.19155100424529886,-25.96108831858855,1.3629779702232256e-148,0.08308901910463107,-0.019050761765223967,-2.7873463375172536,0.005314165035648857,0.10436240168693212,True,13.298504123351254,"-0.202527,-0.25652,-0.171458","-17.441,-18.204,-13.299"
5,500,book_gap_asym,0.22779025982065967,25.81318585292384,6.30633540666312e-147,0.0235786478998935,0.29102429603394797,33.58054668434744,3.226303438065475e-247,0.14735678743957048,True,12.848024917471902,"0.203947,0.239225,0.239267","12.848,15.984,15.928"
1,100,ask_wall_ratio,-0.056596679720611144,-25.739649805737486,4.209356785131237e-146,0.024278900886817056,-0.009677410787546123,-4.8167971704929196,1.458808412184413e-06,0.11832508834211652,True,14.486527785569246,"-0.054799,-0.0597342,-0.0552644","-14.573,-15.501,-14.487"
2,200,ask_wall_ratio,-0.05412820169482725,-25.664125447458392,2.9410685780321186e-145,0.022071236405965422,-0.010502307367942079,-5.243485486625868,1.5757120891527772e-07,0.10927266405103775,True,14.610340133366522,"-0.0539568,-0.054303,-0.0541132","-14.979,-14.859,-14.610"
25,2500,book_gap_asym,0.24109780357580243,25.49522335428505,2.226979792012634e-143,0.02360003180816217,0.27786263366192177,25.764897910075124,2.194899519256604e-146,0.13208198017041284,True,13.472124600623733,"0.236774,0.239465,0.246621","13.472,14.965,15.798"
50,5000,ret_100,-0.32272629587955143,-25.0439303312993,2.032992161693248e-138,0.12857671932563874,-0.005887853102608751,-0.42612669192345665,0.6700155314381271,0.08578570843425126,True,12.594886121159723,"-0.309436,-0.34014,-0.320984","-14.411,-18.824,-12.595"
10,1000,book_gap_asym,0.23046861095444715,24.75060855338446,3.0538663575363264e-135,0.023308229347804965,0.29436747917937334,31.56986724603973,9.57237263524465e-219,0.14306805528737365,True,12.894505854806683,"0.213339,0.235982,0.241333","12.895,14.857,15.123"
2,200,book_gap_asym,0.2160983505426024,24.578578231070285,2.140947061012477e-133,0.02171778389040857,0.2813441400556326,32.27953168756453,1.3554535206253883e-228,0.14546074538480702,True,12.186397360008671,"0.187875,0.227358,0.231787","12.186,15.288,15.121"
1,100,bid_wall_ratio,0.05020747811405551,24.383781210954975,2.541792837626306e-131,0.019251266523377608,0.005940239830651356,2.9862061024158324,0.002824622014109721,0.1178513503015326,True,13.130671660540987,"0.0484464,0.0544723,0.0477566","13.131,14.959,14.142"
2,200,bid_wall_ratio,0.04926598191926212,23.870287542059952,6.235350619964479e-126,0.018498406250722854,0.007632573355521563,3.7832104500778385,0.0001548184049650114,0.10884771516106939,True,12.738035507201268,"0.0461388,0.0533449,0.0482722","12.738,14.932,13.669"
5,500,bid_wall_ratio,0.05029218858415391,23.64522157811687,1.3217830591457359e-123,0.018712917282584174,0.008026067514759323,3.8688593637744413,0.00010934568610243111,0.10957926353001768,True,12.357588609141231,"0.0461558,0.0561339,0.048532","12.358,14.936,13.630"
10,1000,ask_wall_ratio,-0.05199140369405078,-23.600710566694946,3.789906215859178e-123,0.01902624699628519,-0.005663213499403019,-2.684647165380395,0.007260641059405716,0.10629070210440572,True,13.352320470089943,"-0.053948,-0.0531731,-0.0488358","-13.798,-13.710,-13.352"
10,1000,bid_wall_ratio,0.051269768791750416,23.38339572107192,6.306371040451033e-121,0.01852354779246357,0.009437436148477602,4.378770635456297,1.193506618374057e-05,0.10671057470352385,True,12.258138623955439,"0.0487772,0.0530432,0.0519207","12.258,14.077,14.202"
25,2500,bid_wall_ratio,0.051142221209272566,22.689287594805613,5.7155894001847686e-114,0.016660350514550504,0.004826551273045455,2.033346019663945,0.04201757686210179,0.10353261908745248,True,12.787665175993443,"0.055484,0.049045,0.0490406","13.607,12.788,12.897"
50,5000,book_gap_asym,0.22521803986516378,22.185849675475893,4.704618851231615e-109,0.018310500229869797,0.2500651697989318,16.936435098139917,2.4237455773644968e-64,0.10472000645244017,True,11.985915002587147,"0.218235,0.221716,0.234568","11.986,12.863,13.521"
50,5000,ask_wall_ratio,-0.056871929998441095,-22.04899816714082,9.766175791290501e-108,0.017882637418044744,-0.008583823005367669,-2.7267620708691305,0.006395913970959032,0.08562103547249444,True,11.345486612076341,"-0.0486782,-0.0597343,-0.0621887","-11.345,-13.477,-13.391"
50,5000,bid_wall_ratio,0.05227711935724432,20.767472975737437,8.522565109001156e-96,0.01511665669864437,0.006978218369457159,2.3636856179178967,0.018094159912429384,0.08548465285573958,True,11.664595158229432,"0.0558391,0.047437,0.0535225","12.180,11.665,12.228"
50,5000,depth_vwap,-0.22079643255684894,-20.074929552133895,1.2225584427611965e-89,0.09805642459882236,-0.0556505205401606,-4.772738347925569,1.8173783306616292e-06,0.09222237444065762,True,9.575347752586527,"-0.237617,-0.292291,-0.197813","-13.852,-16.016,-9.575"
1,100,depth_minus_mid,0.10181493649296568,16.18710142460724,6.218989466483207e-59,0.00707149826851361,0.07914208248465401,13.876444059641374,8.800271696364953e-44,0.12381129722535444,True,7.9974236154349745,"0.0863389,0.109994,0.109309","7.997,10.209,9.849"
5,500,depth_minus_mid,0.10478667520000912,16.11666744292732,1.948367408319413e-58,0.007252309289311087,0.08976380893604925,14.897915137042608,3.4002480914762604e-50,0.11687358282014992,True,8.080763125411288,"0.0897685,0.119279,0.105494","8.081,10.787,9.097"
10,1000,depth_minus_mid,0.10333490107791272,15.47852116550862,4.844821456336887e-54,0.006800513100127414,0.08700822855662613,14.107476684944935,3.415830698985437e-45,0.1129694757651013,True,7.588043305613258,"0.0883509,0.106971,0.114786","7.588,9.496,9.768"
25,2500,depth_minus_mid,0.10760771288718134,15.188355071935844,4.223865382151916e-52,0.0068310988058079,0.08093741055050706,11.789259461693112,4.4342278794780354e-32,0.10859272802291042,True,7.930468488911228,"0.0999677,0.10525,0.117499","7.930,8.538,9.919"
2,200,depth_minus_mid,0.09318038159037374,14.74625856378506,3.2520025990721832e-49,0.005866796551437514,0.07921794589768677,13.529578824307551,1.0462132720347047e-41,0.11467023918208252,True,7.809877623327363,"0.0836068,0.0955771,0.10043","7.810,8.837,8.889"
50,5000,depth_minus_mid,0.09973006520490746,12.581209415892571,2.6789678422528137e-36,0.005216101680365237,0.07119440740412203,8.3201525223777,8.785019108410518e-17,0.08860217164911366,True,6.133044857530488,"0.0881008,0.0903678,0.120418","6.133,6.885,8.866"
2,200,lvl2_imbalance,0.3259129364871784,9.552691289897195,1.263700025598315e-21,0.004452138540628758,-0.07038317937263823,-2.5065807498426245,0.012190520923719788,0.11518336592104883,True,4.549704309939097,"0.374718,0.266717,0.335833","6.305,4.550,5.674"
10,1000,lvl2_imbalance,0.31739366033701055,8.869730653721197,7.332303526092485e-19,0.0039426116874918815,-0.06316986057236927,-2.123055706875656,0.03374918405422144,0.11320589632792599,True,4.436230962358437,"0.367489,0.270098,0.314316","5.946,4.436,4.979"
1,100,lvl2_imbalance,0.2848652441624586,8.490134973349502,2.0639724712219186e-17,0.003435415325438562,-0.05361984161919836,-1.908347245590724,0.05634635039414702,0.11967133656547746,True,3.5437140404265492,"0.353221,0.202939,0.298134","6.034,3.544,5.100"
5,500,lvl2_imbalance,0.2734253206382345,7.792737624534467,6.5572694228389395e-15,0.003070680228807521,-0.1165261198551068,-3.9039547622965034,9.463347699085458e-05,0.11455920824112209,True,2.7374034606295585,"0.359377,0.164092,0.296169","5.875,2.737,4.849"
25,2500,lvl2_imbalance,0.25436241355631517,6.981910640039705,2.9119233548727395e-12,0.002311243681209718,-0.05682775798775608,-1.6782925505865283,0.09329000160241897,0.1079273367459066,True,3.7116771101183286,"0.297103,0.237353,0.229511","4.649,3.740,3.712"
50,5000,microprice,-0.09576781108355197,-6.829509966143675,8.520517753694463e-12,0.01631410940780542,-0.08518931044538625,-5.686502045932008,1.2966783332779897e-08,0.09810040690665955,True,3.3356242135677587,"-0.113558,-0.156698,-0.0789491","-4.667,-5.364,-3.336"
50,5000,lvl2_imbalance,0.2612174565439803,6.628287938278585,3.3960254737091864e-11,0.0021604701577075947,-0.04855778855587124,-1.1279365600656956,0.25934671228295203,0.08867681711667497,True,2.7244468347453097,"0.345553,0.249501,0.190591","4.952,3.863,2.724"
25,2500,microprice,-0.05313520207140735,-6.581074812317974,4.6705948406739105e-11,0.005986207467006732,-0.04253239458467133,-4.940058172800235,7.809926725273815e-07,0.10721286469230962,True,3.2470746233301266,"-0.0633479,-0.0896368,-0.0425404","-4.457,-5.154,-3.247"
50,5000,rolling_mid_mean,-0.10086376316989408,-6.453268043304756,1.0946349553730494e-10,0.011121933240514914,-0.1039056170466371,-6.256946970239628,3.925868287537349e-10,0.10138164252706805,True,3.6206280057733613,"-0.117578,-0.16463,-0.089022","-4.007,-4.739,-3.621"
50,5000,depth_vwap_live_trend,-0.09556517416687373,-6.087352351286349,1.1479315464208694e-09,0.009851335789816451,-0.1084095488925324,-6.535137077138913,6.355130798720416e-11,0.10252367506332083,True,3.5751179751631263,"-0.10828,-0.157181,-0.0867476","-3.575,-4.595,-3.581"
25,2500,rolling_mid_mean,-0.05238561697807939,-5.692951170638084,1.248621048242823e-08,0.0033831498205233457,-0.05541959838751004,-5.798496876959727,6.691194898786894e-09,0.1088765558374366,True,3.179750500121679,"-0.0598851,-0.0885596,-0.0453508","-3.572,-4.149,-3.180"
50,5000,depth_vwap_trend,-0.08833134003572854,-5.630940261805924,1.7922980361878718e-08,0.008456913808620459,-0.0827455729322043,-4.933500113501157,8.076899516252773e-07,0.0953824468176242,True,3.1854059533090453,"-0.100435,-0.151425,-0.0792964","-3.419,-4.241,-3.185"
10,1000,microprice,-0.02698190581554883,-5.522229662732139,3.347245680588798e-08,0.001776206993182039,-0.01693065265163523,-3.3726973905675197,0.0007443571096466599,0.10675152661253273,True,3.0764828073098065,"-0.031248,-0.0388262,-0.0251124","-3.704,-3.602,-3.076"
25,2500,depth_vwap_live_trend,-0.04870904437994575,-5.276556052299366,1.3163426236659133e-07,0.002885011347733446,-0.06129726799340423,-6.416475916607597,1.394650007571088e-10,0.10999095819776405,True,3.122963270116801,"-0.0540248,-0.0809663,-0.0444443","-3.160,-3.864,-3.123"
10,1000,micro_slope_100,-0.03499498478343321,-5.068265976348696,4.0145617001323523e-07,0.0014741662378311426,0.02515438326031743,3.67855067412062,0.00023456309089493722,0.10815530871336843,True,2.3265515603637543,"-0.0274421,-0.0309126,-0.0459474","-2.327,-2.513,-3.891"
10,1000,micro_slope_50,-0.03957514053176432,-4.743632748049239,2.0991927137428368e-06,0.0012463706891788773,0.004537642608572603,0.5574369736545576,0.5772289096694889,0.10877042406030746,True,2.1774510344299918,"-0.0440974,-0.0319706,-0.0425054","-3.088,-2.177,-2.958"
25,2500,depth_vwap_trend,-0.03927552212279937,-4.2404156965259645,2.2310621807096764e-05,0.001884607705973984,-0.03364985606005386,-3.487300520144849,0.0004879227570569172,0.10538996353021479,True,2.449548300137994,"-0.0430545,-0.0702882,-0.0352667","-2.538,-3.220,-2.450"
